id,title,program,folder,description,format,link,access,status,coverage_time,coverage_place,contact,updated
ENV-TUR-001,Beach patrol nesting records,Environment,environment/sea-turtles,"Nightly patrol counts of nesting activity, false crawls and hatchling emergence by beach. Public version is aggregated by beach and week.",CSV,,Public,Planned,,"Londonderry, Woodford Hill, Marigot",DomSeTCO,
ENV-TUR-002,Nest locations (GPS),Environment,environment/sea-turtles,"Individual nest coordinates from beach patrols. Withheld from the public site to protect nests.",CSV / GeoJSON,,On request,Planned,,"Londonderry, Woodford Hill, Marigot",DomSeTCO,
ENV-TEL-001,Leatherback post-nesting satellite tracks,Environment,environment/leatherback-telemetry,"Satellite telemetry of leatherbacks tagged after nesting in Dominica. Held until the migration paper is published.",CSV / GeoJSON,,Embargoed,Planned,,Dominica and western Atlantic,Oceans Forward,
ENV-COR-001,Coral restoration site temperature loggers,Environment,environment/coral-thermal,"Quality-controlled in-situ temperature series from restoration site loggers (including HB05), with degree heating weeks and SST comparison.",CSV,,Public,Planned,,Dominica coral restoration sites,Oceans Forward,
ENV-BRV-001,BRUV deployment log,Environment,environment/bruv,"Baited remote underwater video deployments: site, date, depth, duration and annotation status. Video files are stored externally.",CSV,,Public,Planned,,Dominica,Oceans Forward,
ENV-GIS-001,Southern Dominica soils and landslide hazard,Environment,environment/gis,"Soil classification and landslide hazard layers for land planning in southern Dominica.",GeoJSON,,On request,Planned,,Southern Dominica,Oceans Forward,
AGR-CAN-001,Cane farming program records,Agriculture,agriculture/cane-farming,"Participating farmers, acreage and harvest summaries for the cane farming program. Farmer names removed from the public version.",CSV / Excel,,Public,Planned,,Dominica,Oceans Forward,
RBD-ENE-001,Distillery energy system data,RBD Distillery,rbd-distillery,"Energy generation and use at Rosalie Bay Distilling.",CSV,,On request,Planned,,Rosalie Bay,Rosalie Bay Distilling,
EDU-WHL-001,Sperm whale model school visits,Education,education,"Schools visited with the life-size sperm whale model: date, school, parish and number of students reached.",CSV,,Public,Planned,,Island-wide,Oceans Forward,
